     0,   0.00,255
    20,   0.04,255
    40,   0.14,255
    60,  43.81,39
    80,  59.11,-59
   100,  55.08,-33
   120,  46.28,23
   140,  39.65,66
   160,  37.13,82
   180,  38.59,73
   200,  42.16,50
   220,  44.86,32
   240,  45.12,31
   260,  44.03,38
   280,  42.77,46
   300,  42.06,50
   320,  41.92,51
   340,  42.23,49
   360,  42.67,46
   380,  42.90,45
   400,  42.88,45
   420,  42.73,46
   440,  42.60,47
   460,  42.55,47
   480,  42.57,47
   500,  42.64,47
   520,  42.69,46
   540,  42.71,46
   560,  42.68,46
   580,  42.64,47
   600,  42.63,47
   620,  42.65,47
   640,  42.68,46
   660,  42.70,46
   680,  42.66,47
   700,  42.63,47
   720,  42.64,47
   740,  42.67,46
   760,  42.68,46
   780,  42.65,47
   800,  42.64,47
   820,  42.63,47
   840,  42.66,47
   860,  42.70,46
   880,  42.70,46
   900,  42.64,47
   920,  42.61,47
   940,  42.62,47
   960,  42.68,46
   980,  42.72,46
  1000,  42.70,46
  1020,  42.64,47
  1040,  42.61,47
  1060,  42.63,47
  1080,  42.67,46
  1100,  42.72,46
  1120,  42.70,46
  1140,  42.66,47
  1160,  42.64,47
  1180,  42.65,47
  1200,  42.68,46
  1220,  42.70,46
  1240,  42.68,46
  1260,  42.65,47
  1280,  42.63,47
  1300,  42.63,47
  1320,  42.66,47
  1340,  42.70,46
  1360,  42.68,46
  1380,  42.64,47
  1400,  42.63,47
  1420,  42.63,47
  1440,  42.68,46
  1460,  42.71,46
  1480,  42.69,46
  1500,  41.94,51
  1520,  39.50,67
  1540,  35.40,93
  1560,  31.01,121
  1580,  27.66,143
  1600,  25.10,159
  1620,  24.07,166
  1640,  24.59,162
  1660,  27.48,144
  1680,  31.29,119
  1700,  33.01,108
  1720,  32.32,113
  1740,  30.49,125
  1760,  29.31,132
  1780,  29.34,132
  1800,  30.60,124
  1820,  30.93,122
  1840,  29.69,130
  1860,  28.57,137
  1880,  27.85,142
  1900,  27.70,142
  1920,  27.21,146
  1940,  25.63,156
  1960,  23.75,168
  1980,  21.44,183
  2000,  19.32,196
  2020,  17.78,206
  2040,  16.01,217
  2060,  15.14,223
  2080,  14.40,228
  2100,  14.01,230
  2120,  14.32,228
  2140,  14.92,224
  2160,  15.57,220
  2180,  16.67,213
  2200,  17.67,207
  2220,  18.95,199
  2240,  20.69,187
  2260,  24.43,163
  2280,  31.55,118
  2300,  38.49,73
  2320,  44.54,35
  2340,  46.68,21
  2360,  45.99,25
  2380,  44.28,36
  2400,  42.74,46
  2420,  41.95,51
  2440,  41.93,51
  2460,  42.33,49
  2480,  42.83,45
  2500,  43.06,44
  2520,  43.05,44
  2540,  42.88,45
  2560,  42.72,46
  2580,  42.64,47
  2600,  42.65,47
  2620,  42.70,46
  2640,  42.79,46
  2660,  42.81,46
  2680,  42.80,46
  2700,  42.81,46
  2720,  42.80,46
  2740,  42.79,46
  2760,  42.75,46
  2780,  42.76,46
  2800,  42.75,46
  2820,  42.78,46
  2840,  42.79,46
  2860,  42.79,46
  2880,  42.79,46
  2900,  42.78,46
  2920,  42.78,46
  2940,  42.79,46
  2960,  42.81,46
  2980,  42.80,46
  3000,  42.80,46
  3020,  42.78,46
  3040,  42.77,46
  3060,  42.76,46
  3080,  42.76,46
  3100,  42.79,46
  3120,  42.78,46
  3140,  42.78,46
  3160,  42.77,46
  3180,  42.76,46
  3200,  42.76,46
  3220,  42.77,46
  3240,  42.79,46
  3260,  42.78,46
  3280,  42.77,46
  3300,  42.76,46
  3320,  42.74,46
  3340,  42.73,46
  3360,  42.72,46
  3380,  42.73,46
  3400,  42.74,46
  3420,  42.75,46
  3440,  42.75,46
  3460,  42.75,46
  3480,  42.74,46
  3500,  42.73,46
  3520,  42.73,46
  3540,  42.75,46
  3560,  42.75,46
  3580,  42.76,46
  3600,  42.74,46
  3620,  42.74,46
  3640,  42.73,46
  3660,  42.73,46
  3680,  42.74,46
  3700,  42.74,46
  3720,  42.74,46
  3740,  42.72,46
  3760,  42.73,46
  3780,  42.71,46
  3800,  42.70,46
  3820,  42.70,46
  3840,  42.72,46
  3860,  42.73,46
  3880,  42.73,46
  3900,  42.73,46
  3920,  42.72,46
  3940,  42.71,46
  3960,  42.71,46
  3980,  42.73,46
