     0,  49.97,52
    20,  50.00,52
    40,  50.00,52
    60,  50.03,52
    80,  50.02,52
   100,  50.04,52
   120,  50.05,52
   140,  50.05,52
   160,  50.04,51
   180,  50.00,52
   200,  49.98,52
   220,  49.98,52
   240,  50.00,52
   260,  50.00,52
   280,  50.01,52
   300,  50.00,52
   320,  50.01,52
   340,  50.00,52
   360,  50.01,52
   380,  50.01,52
   400,  50.00,52
   420,  49.98,52
   440,  49.98,52
   460,  49.97,52
   480,  49.98,52
   500,  49.98,52
   520,  49.98,52
   540,  49.97,52
   560,  49.94,52
   580,  49.95,52
   600,  49.93,52
   620,  49.94,52
   640,  49.92,52
   660,  49.94,52
   680,  49.92,53
   700,  49.95,52
   720,  49.97,52
   740,  50.01,52
   760,  50.00,52
   780,  50.01,52
   800,  49.98,52
   820,  49.99,52
   840,  49.98,52
   860,  50.00,52
   880,  49.98,52
   900,  50.00,52
   920,  49.98,52
   940,  49.99,52
   960,  49.98,52
   980,  49.99,52
  1000,  50.01,52
  1020,  50.01,52
  1040,  49.98,52
  1060,  49.94,52
  1080,  49.36,56
  1100,  47.52,69
  1120,  44.74,90
  1140,  41.67,117
  1160,  39.60,142
  1180,  38.51,163
  1200,  39.00,174
  1220,  42.01,169
  1240,  47.51,143
  1260,  49.06,136
  1280,  48.04,143
  1300,  45.77,162
  1320,  44.66,173
  1340,  42.60,195
  1360,  42.47,206
  1380,  45.55,196
  1400,  48.50,182
  1420,  47.68,189
  1440,  46.23,201
  1460,  46.48,205
  1480,  47.27,204
  1500,  47.79,204
  1520,  49.56,196
  1540,  51.16,185
  1560,  51.99,179
  1580,  54.87,157
  1600,  57.79,131
  1620,  60.87,101
  1640,  63.10,72
  1660,  64.31,47
  1680,  63.91,31
  1700,  62.19,24
  1720,  59.85,24
  1740,  57.42,27
  1760,  55.26,32
  1780,  53.22,38
  1800,  51.66,44
  1820,  50.56,50
  1840,  49.98,53
  1860,  49.86,53
  1880,  49.93,53
  1900,  50.12,52
  1920,  50.20,51
  1940,  50.23,51
  1960,  50.14,51
  1980,  50.10,51
  2000,  49.99,52
  2020,  49.99,52
  2040,  49.98,52
  2060,  50.04,51
  2080,  50.01,52
  2100,  50.02,51
  2120,  49.94,52
  2140,  49.98,52
  2160,  49.98,52
  2180,  50.03,51
  2200,  50.00,52
  2220,  50.00,52
  2240,  49.94,52
  2260,  49.98,52
  2280,  49.98,52
  2300,  50.04,51
  2320,  50.00,52
  2340,  49.99,52
  2360,  49.94,52
  2380,  49.98,52
  2400,  49.98,52
  2420,  50.03,51
  2440,  50.00,51
  2460,  49.99,51
  2480,  49.94,52
  2500,  49.96,52
  2520,  49.97,52
  2540,  50.03,51
  2560,  50.00,51
  2580,  49.98,52
  2600,  49.93,52
  2620,  49.96,52
  2640,  49.96,52
  2660,  50.03,51
  2680,  50.02,51
  2700,  50.01,51
  2720,  49.94,52
  2740,  49.99,52
  2760,  49.99,52
  2780,  50.03,51
  2800,  49.98,52
  2820,  49.98,52
  2840,  49.94,52
  2860,  50.00,52
  2880,  50.00,52
  2900,  50.04,51
  2920,  49.97,52
  2940,  49.94,52
  2960,  49.93,52
  2980,  49.98,52
  3000,  49.98,52
  3020,  50.03,51
  3040,  50.04,51
  3060,  50.01,51
  3080,  49.94,52
  3100,  49.98,52
  3120,  49.97,52
  3140,  50.02,51
  3160,  50.02,51
  3180,  50.03,51
  3200,  49.95,52
  3220,  49.96,52
  3240,  49.95,52
  3260,  50.01,52
  3280,  49.99,52
  3300,  50.02,51
  3320,  49.97,52
  3340,  49.98,52
  3360,  49.98,52
  3380,  50.03,51
  3400,  50.03,51
  3420,  49.99,52
  3440,  49.96,52
  3460,  50.00,52
  3480,  49.99,52
  3500,  50.03,51
  3520,  49.98,52
  3540,  49.99,52
  3560,  49.98,52
  3580,  50.02,51
  3600,  49.99,52
  3620,  49.99,52
  3640,  49.94,52
  3660,  49.99,52
  3680,  50.00,52
  3700,  50.04,51
  3720,  49.98,52
  3740,  49.98,52
  3760,  49.95,52
  3780,  50.01,51
  3800,  50.01,51
  3820,  50.02,51
  3840,  49.94,52
  3860,  49.96,52
  3880,  49.98,52
  3900,  50.03,51
  3920,  50.00,51
  3940,  50.00,51
  3960,  49.94,52
  3980,  49.96,52
